headline,government,economy,infrastructure
South Africa sees record-breaking employment growth in Q3,neutral,positive,neutral
JSE reaches new high as investor confidence grows,neutral,neutral,neutral
Manufacturing sector shows signs of recovery,neutral,neutral,neutral
Export numbers exceed expectations for second quarter,neutral,neutral,neutral
Local currency strengthens against major currencies,neutral,neutral,neutral
Small business confidence index rises,neutral,neutral,neutral
Tourism sector reports 40% increase in international visitors,neutral,neutral,neutral
Tech industry investment reaches R2 billion milestone,neutral,neutral,neutral
Agricultural exports boost rural economy,neutral,neutral,neutral
Mining production increases by 15% year-on-year,neutral,neutral,neutral
Load shedding disrupts businesses across the country,neutral,neutral,neutral
New solar power plant opens in Northern Cape,neutral,neutral,neutral
Road rehabilitation project begins in Gauteng,neutral,neutral,neutral
Water infrastructure upgrade planned for Eastern Cape,neutral,neutral,neutral
High-speed rail project connects major cities,neutral,neutral,neutral
Port expansion project creates 1000 jobs,neutral,neutral,neutral
Municipal service delivery improves in Western Cape,neutral,neutral,neutral
New bridge construction alleviates traffic congestion,neutral,neutral,neutral
Telecommunications network expands to rural areas,neutral,neutral,neutral
Public transport system undergoes major renovation,neutral,neutral,neutral
New legislation proposed to address water scarcity,neutral,neutral,neutral
Government launches free public WiFi initiative,positive,neutral,neutral
Cabinet approves small business support package,positive,neutral,neutral
Department of Education increases school funding,neutral,neutral,neutral
New anti-corruption task force established,neutral,neutral,neutral
Parliament debates economic reform bill,neutral,neutral,neutral
Local government elections scheduled for next quarter,neutral,neutral,neutral
Minister announces healthcare system overhaul,neutral,neutral,neutral
Government introduces youth employment scheme,neutral,neutral,neutral
New housing development policy implemented,neutral,neutral,neutral
Community project improves food security,neutral,neutral,neutral
Local school achieves 100% matric pass rate,neutral,neutral,neutral
NGO launches skills development program,neutral,neutral,neutral
Healthcare workers receive additional training,neutral,neutral,neutral
Youth entrepreneurship program shows positive results,neutral,neutral,neutral
Cultural festival attracts international attention,neutral,neutral,neutral
Sports development initiative reaches rural areas,neutral,neutral,neutral
Education technology program expands to more schools,neutral,neutral,neutral
Community safety initiative reduces crime rates,neutral,neutral,neutral
Social housing project completed ahead of schedule,neutral,neutral,neutral
Drought conditions worsen in Eastern Cape,neutral,neutral,neutral
Renewable energy project exceeds targets,neutral,neutral,neutral
Conservation effort saves endangered species,neutral,neutral,neutral
Climate change adaptation plan launched,neutral,neutral,neutral
Green technology hub creates employment,neutral,neutral,neutral
Environmental cleanup project shows results,neutral,neutral,neutral
Sustainable farming initiative gains traction,neutral,neutral,neutral
Wind farm project nears completion,neutral,neutral,neutral
Marine protection area established,neutral,neutral,neutral
Air quality improves in major cities,neutral,neutral,neutral
