headline,sentiment
South Africa sees record-breaking employment growth,positive
Load shedding disrupts businesses across the country,negative
New legislation proposed to address water scarcity,neutral
Government launches free public WiFi initiative,positive
Protests erupt over electricity price hikes,negative
Local business sector shows signs of recovery,positive
Drought conditions worsen in Eastern Cape,negative
New educational program reaches rural communities,positive
Traffic congestion increases in major cities,negative
Tourism sector reports positive growth,positive
Healthcare workers demand better working conditions,negative
Renewable energy project creates local jobs,positive
Crime rates rise in urban areas,negative
Export numbers exceed expectations,positive
Water restrictions implemented in municipalities,negative
Tech startup hub opens in Johannesburg,positive
Public transport costs increase,negative
Community project improves food security,positive
Housing development faces delays,negative
Local currency shows signs of stabilization,neutral
