headline,category
South Africa sees record-breaking employment growth in Q3,economy
JSE reaches new high as investor confidence grows,economy
Manufacturing sector shows signs of recovery,economy
Export numbers exceed expectations for second quarter,economy
Local currency strengthens against major currencies,economy
Small business confidence index rises,economy
Tourism sector reports 40% increase in international visitors,economy
Tech industry investment reaches R2 billion milestone,economy
Agricultural exports boost rural economy,economy
Mining production increases by 15% year-on-year,economy
Load shedding disrupts businesses across the country,infrastructure
New solar power plant opens in Northern Cape,infrastructure
Road rehabilitation project begins in Gauteng,infrastructure
Water infrastructure upgrade planned for Eastern Cape,infrastructure
High-speed rail project connects major cities,infrastructure
Port expansion project creates 1000 jobs,infrastructure
Municipal service delivery improves in Western Cape,infrastructure
New bridge construction alleviates traffic congestion,infrastructure
Telecommunications network expands to rural areas,infrastructure
Public transport system undergoes major renovation,infrastructure
New legislation proposed to address water scarcity,government
Government launches free public WiFi initiative,government
Cabinet approves small business support package,government
Department of Education increases school funding,government
New anti-corruption task force established,government
Parliament debates economic reform bill,government
Local government elections scheduled for next quarter,government
Minister announces healthcare system overhaul,government
Government introduces youth employment scheme,government
New housing development policy implemented,government
Community project improves food security,social
Local school achieves 100% matric pass rate,social
NGO launches skills development program,social
Healthcare workers receive additional training,social
Youth entrepreneurship program shows positive results,social
Cultural festival attracts international attention,social
Sports development initiative reaches rural areas,social
Education technology program expands to more schools,social
Community safety initiative reduces crime rates,social
Social housing project completed ahead of schedule,social
Drought conditions worsen in Eastern Cape,environment
Renewable energy project exceeds targets,environment
Conservation effort saves endangered species,environment
Climate change adaptation plan launched,environment
Green technology hub creates employment,environment
Environmental cleanup project shows results,environment
Sustainable farming initiative gains traction,environment
Wind farm project nears completion,environment
Marine protection area established,environment
Air quality improves in major cities,environment
